"","x"
"GBR_HG00096",0.357254951544406
"GBR_HG00097",0.359441589254238
"GBR_HG00099",0.35750039047102
"GBR_HG00100",0.355455066082572
"GBR_HG00101",0.357180576112099
"GBR_HG00102",0.356831011580255
"GBR_HG00103",0.354778249648576
"GBR_HG00105",0.357961518151324
"GBR_HG00106",0.357433452581943
"GBR_HG00107",0.35616163268949
"GBR_HG00108",0.355908756219646
"GBR_HG00109",0.36204472938499
"GBR_HG00110",0.346373825797862
"GBR_HG00111",0.354354309684425
"GBR_HG00112",0.352725487716897
"GBR_HG00113",0.355886443589953
"GBR_HG00114",0.355068313834574
"GBR_HG00115",0.36111503648115
"GBR_HG00116",0.355514566428417
"GBR_HG00117",0.343681435148342
"GBR_HG00118",0.35884658579578
"GBR_HG00119",0.352353610555361
"GBR_HG00120",0.35832595776963
"GBR_HG00121",0.357589640989788
"GBR_HG00122",0.358987899117164
"GBR_HG00123",0.359902716934542
"GBR_HG00125",0.356407071616104
"GBR_HG00126",0.358779647906703
"GBR_HG00127",0.354153496017196
"GBR_HG00128",0.356444259332257
"GBR_HG00129",0.3581251441024
"GBR_HG00130",0.357998705867478
"GBR_HG00131",0.35947133942716
"GBR_HG00132",0.354458435289655
"GBR_HG00133",0.360110968145002
"GBR_HG00136",0.358065643756554
"GBR_HG00137",0.355730255182108
"GBR_HG00138",0.357849955002863
"GBR_HG00139",0.356786386320871
"GBR_HG00140",0.355931068849338
"GBR_HG00141",0.356897949469331
"GBR_HG00142",0.356950012271946
"GBR_HG00143",0.361419975753609
"GBR_HG00145",0.358653209671781
"GBR_HG00146",0.361940603779759
"GBR_HG00148",0.36153153890207
"GBR_HG00149",0.360110968145002
"GBR_HG00150",0.35553687905811
"GBR_HG00151",0.358006143410709
"GBR_HG00154",0.355968256565491
"GBR_HG00155",0.355990569195183
"GBR_HG00157",0.357790454657018
"GBR_HG00158",0.362379418830372
"GBR_HG00159",0.354755937018884
"GBR_HG00160",0.354726186845961
"FIN_HG00171",0.35626575829472
"FIN_HG00173",0.356183945319182
"FIN_HG00174",0.358006143410709
"FIN_HG00176",0.35398987006612
"FIN_HG00177",0.357016950161023
"FIN_HG00178",0.354763374562115
"FIN_HG00179",0.357455765211635
"FIN_HG00180",0.355551754144571
"FIN_HG00181",0.363710739068671
"FIN_HG00182",0.360014280083003
"FIN_HG00183",0.351996608480287
"FIN_HG00185",0.357552453273635
"FIN_HG00186",0.354146058473965
"FIN_HG00187",0.355298877674727
"FIN_HG00188",0.357128513309484
"FIN_HG00189",0.35802101849717
"FIN_HG00190",0.359501089600083
"GBR_HG00231",0.360311781812232
"GBR_HG00232",0.356540947394257
"GBR_HG00233",0.357939205521632
"GBR_HG00234",0.357165701025637
"GBR_HG00235",0.357998705867478
"GBR_HG00236",0.348367087383695
"GBR_HG00237",0.359404401538084
"GBR_HG00238",0.355990569195183
"GBR_HG00239",0.357849955002863
"GBR_HG00240",0.356637635456256
"GBR_HG00242",0.35853420898009
"GBR_HG00243",0.356607885283333
"GBR_HG00244",0.356637635456256
"GBR_HG00245",0.357359077149636
"GBR_HG00246",0.361293537518687
"GBR_HG00250",0.356154195146259
"GBR_HG00251",0.360765471949306
"GBR_HG00252",0.355172439439804
"GBR_HG00253",0.35853420898009
"GBR_HG00254",0.356957449815177
"GBR_HG00255",0.356823574037024
"GBR_HG00256",0.354257621622426
"GBR_HG00257",0.359597777662083
"GBR_HG00258",0.357954080608094
"GBR_HG00259",0.358385458115475
"GBR_HG00260",0.35451049809227
"GBR_HG00261",0.356213695492105
"GBR_HG00262",0.357797892200248
"GBR_HG00263",0.3569871999881
"GBR_HG00264",0.355908756219646
"GBR_HG00265",0.356035194454568
"FIN_HG00266",0.356206257948874
"FIN_HG00267",0.358958148944241
"FIN_HG00268",0.356667385629179
"FIN_HG00269",0.356607885283333
"FIN_HG00271",0.354986500859036
"FIN_HG00272",0.355879006046723
"FIN_HG00273",0.35523193978565
"FIN_HG00274",0.357135950852714
"FIN_HG00275",0.358787085449934
"FIN_HG00276",0.355983131651953
"FIN_HG00277",0.357024387704254
"FIN_HG00278",0.356615322826564
"FIN_HG00280",0.356221133035336
"FIN_HG00281",0.357559890816865
"FIN_HG00282",0.357284701717329
"FIN_HG00284",0.356154195146259
"FIN_HG00285",0.353521304842584
"FIN_HG00288",0.355507128885187
"FIN_HG00290",0.352896551211204
"FIN_HG00304",0.357351639606405
"FIN_HG00306",0.355983131651953
"FIN_HG00308",0.35936721382193
"FIN_HG00309",0.35739626486579
"FIN_HG00310",0.357574765903327
"FIN_HG00311",0.357626828705942
"FIN_HG00313",0.355678192379493
"FIN_HG00315",0.357589640989788
"FIN_HG00318",0.359478776970391
"FIN_HG00319",0.355864130960261
"FIN_HG00320",0.354272496708887
"FIN_HG00321",0.359382088908392
"FIN_HG00323",0.352636237198129
"FIN_HG00324",0.349259592571382
"FIN_HG00325",0.351981733393825
"FIN_HG00326",0.355693067465955
"FIN_HG00327",0.357344202063174
"FIN_HG00328",0.354666686500115
"FIN_HG00329",0.358995336660394
"FIN_HG00330",0.355968256565491
"FIN_HG00331",0.356191382862413
"FIN_HG00332",0.354852625080883
"FIN_HG00334",0.356355008813489
"FIN_HG00335",0.359389526451622
"FIN_HG00336",0.358586271782705
"FIN_HG00337",0.358273894967015
"FIN_HG00338",0.355075751377805
"FIN_HG00339",0.356964887358408
"FIN_HG00341",0.356860761753178
"FIN_HG00342",0.352189984604286
"FIN_HG00343",0.357753266940864
"FIN_HG00344",0.357031825247484
"FIN_HG00345",0.359925029564234
"FIN_HG00346",0.349876908659532
"FIN_HG00349",0.357968955694555
"FIN_HG00350",0.358385458115475
"FIN_HG00351",0.353766743769198
"FIN_HG00353",0.355150126810112
"FIN_HG00355",0.359114337352086
"FIN_HG00356",0.357664016422095
"FIN_HG00357",0.357552453273635
"FIN_HG00358",0.353015551902895
"FIN_HG00360",0.355879006046723
"FIN_HG00361",0.354681561586577
"FIN_HG00362",0.356496322134872
"FIN_HG00364",0.358801960536396
"FIN_HG00365",0.359092024722394
"FIN_HG00366",0.356860761753178
"FIN_HG00367",0.358095393929477
"FIN_HG00368",0.357753266940864
"FIN_HG00369",0.356064944627491
"FIN_HG00371",0.355462503625802
"FIN_HG00372",0.357009512617792
"FIN_HG00373",0.353402304150893
"FIN_HG00375",0.357165701025637
"FIN_HG00376",0.35512781418042
"FIN_HG00378",0.353342803805047
"FIN_HG00379",0.35471874930273
"FIN_HG00380",0.360438220047154
"FIN_HG00381",0.353662618163968
"FIN_HG00382",0.358668084758243
"FIN_HG00383",0.354265059165656
"FIN_HG00384",0.355626129576878
"PUR_HG00551",0.368671580403561
"PUR_HG00553",0.376979316192275
"PUR_HG00554",0.369869024863707
"PUR_HG00637",0.376696689549508
"PUR_HG00638",0.375201743360133
"PUR_HG00640",0.367489011029877
"PUR_HG00641",0.365056934393431
"PUR_HG00731",0.366343629372346
"PUR_HG00732",0.366894007571419
"PUR_HG00734",0.371386283682774
"PUR_HG00736",0.366418004804653
"PUR_HG00737",0.370196276765859
"PUR_HG00739",0.365882501692041
"PUR_HG00740",0.372315976586614
"PUR_HG00742",0.364685057231895
"PUR_HG00743",0.370084713617398
"CDX_HG00759",0.330725234840427
"CDX_HG00766",0.3325102452158
"CDX_HG00844",0.33158055231196
"CDX_HG00851",0.329088975329669
"CDX_HG00864",0.333001123069028
"CDX_HG00867",0.33384900299733
"CDX_HG00879",0.331848303868266
"CDX_HG00881",0.333454813206102
"CDX_HG00956",0.330881423248273
"CDX_HG00978",0.335730701434702
"CDX_HG00982",0.331097112001964
"CDX_HG01028",0.332346619264724
"CDX_HG01029",0.33158055231196
"CDX_HG01031",0.33436219348025
"CDX_HG01046",0.330308732419507
"PUR_HG01047",0.369824399604323
"PUR_HG01048",0.368812893724945
"PUR_HG01049",0.383940856656229
"PUR_HG01051",0.375618245781054
"PUR_HG01052",0.381538530192707
"PUR_HG01054",0.367912950994028
"PUR_HG01055",0.374420801320908
"PUR_HG01058",0.369229396145865
"PUR_HG01060",0.366157690791578
"PUR_HG01061",0.362944672115907
"PUR_HG01063",0.386194432255137
"PUR_HG01064",0.375365369311209
"PUR_HG01066",0.365272623147122
"PUR_HG01067",0.368076576945103
"PUR_HG01069",0.3697946494314
"PUR_HG01070",0.366551880582806
"PUR_HG01072",0.366113065532193
"PUR_HG01073",0.368002201512796
"PUR_HG01075",0.369816962061092
"PUR_HG01077",0.377626382453348
"PUR_HG01079",0.374063799245833
"PUR_HG01080",0.371683785412003
"PUR_HG01082",0.374837303741828
"PUR_HG01083",0.372092850289692
"PUR_HG01085",0.376183499066588
"PUR_HG01086",0.368589767428023
"PUR_HG01088",0.380147709608562
"PUR_HG01089",0.379798145076718
"PUR_HG01092",0.383643354927001
"PUR_HG01094",0.375908309967052
"PUR_HG01095",0.368716205662945
"PUR_HG01097",0.368106327118026
"PUR_HG01098",0.375038117409057
"PUR_HG01101",0.370635091816471
"PUR_HG01102",0.373996861356757
"PUR_HG01104",0.372011037314154
"PUR_HG01105",0.367050195979264
"PUR_HG01107",0.380660900091482
"PUR_HG01108",0.382773162369006
"PUR_HG01110",0.370969781261854
"PUR_HG01111",0.371832536276617
"CLM_HG01112",0.356890511926101
"CLM_HG01113",0.363643801179594
"CLM_HG01119",0.36473712003451
"CLM_HG01121",0.369861587320476
"CLM_HG01122",0.371416033855697
"CLM_HG01124",0.377098316883967
"CLM_HG01125",0.370642529359702
"CLM_HG01130",0.369110395454174
"CLM_HG01131",0.370345027630473
"CLM_HG01133",0.364104928859899
"CLM_HG01134",0.373446483157683
"CLM_HG01136",0.369735149085554
"CLM_HG01137",0.359783716242851
"CLM_HG01139",0.373974548727064
"CLM_HG01140",0.364811495466817
"CLM_HG01142",0.375982685399359
"CLM_HG01148",0.33828921630607
"CLM_HG01149",0.368262515525871
"PUR_HG01161",0.373238231947223
"PUR_HG01162",0.370203714309089
"PUR_HG01164",0.368522829538947
"PUR_HG01167",0.376726439722431
"PUR_HG01168",0.36473712003451
"PUR_HG01170",0.372390352018921
"PUR_HG01171",0.378846139543186
"PUR_HG01173",0.36844845410664
"PUR_HG01174",0.36432061761359
"PUR_HG01176",0.370873093199854
"PUR_HG01177",0.366856819855265
"PUR_HG01182",0.374777803395982
"PUR_HG01183",0.365480874357582
"PUR_HG01187",0.373677046997836
"PUR_HG01188",0.380147709608562
"PUR_HG01190",0.373349795095684
"PUR_HG01191",0.370040088358014
"PUR_HG01197",0.366031252556655
"PUR_HG01198",0.359753966069928
"PUR_HG01200",0.358489583720705
"PUR_HG01204",0.372553977969997
"PUR_HG01205",0.375246368619518
"PUR_HG01241",0.386506809070828
"PUR_HG01242",0.390262768402341
"PUR_HG01247",0.379619644039181
"PUR_HG01248",0.373647296824913
"CLM_HG01250",0.366611380928652
"CLM_HG01251",0.365384186295583
"CLM_HG01253",0.368381516217563
"CLM_HG01254",0.376711564635969
"CLM_HG01256",0.3674220731408
"CLM_HG01257",0.36091422281392
"CLM_HG01259",0.362386856373603
"CLM_HG01260",0.372576290599689
"CLM_HG01269",0.365317248406506
"CLM_HG01271",0.372531665340305
"CLM_HG01272",0.377812321034116
"CLM_HG01275",0.336779395030234
"CLM_HG01277",0.356726885975025
"CLM_HG01280",0.363933865365592
"CLM_HG01281",0.370739217421701
"CLM_HG01284",0.370092151160629
"PUR_HG01286",0.379493205804259
"PUR_HG01302",0.374391051147985
"PUR_HG01303",0.368693893033253
"PUR_HG01305",0.375982685399359
"PUR_HG01308",0.377425568786119
"PUR_HG01311",0.373528296133221
"PUR_HG01312",0.375722371386284
"PUR_HG01323",0.374748053223059
"PUR_HG01325",0.369995463098629
"PUR_HG01326",0.373349795095684
"GBR_HG01334",0.356585572653641
"CLM_HG01341",0.356243445665028
"CLM_HG01342",0.385629178969603
"CLM_HG01344",0.355254252415342
"CLM_HG01345",0.366618818471882
"CLM_HG01348",0.353022989446126
"CLM_HG01350",0.358601146869166
"CLM_HG01351",0.36153153890207
"CLM_HG01353",0.368255077982641
"CLM_HG01354",0.36029690672577
"CLM_HG01356",0.366544443039575
"CLM_HG01357",0.363167798412828
"CLM_HG01359",0.367920388537258
"CLM_HG01360",0.369236833689096
"CLM_HG01362",0.376004998029051
"CLM_HG01363",0.371252407904621
"CLM_HG01365",0.376116561177512
"CLM_HG01366",0.373297732293069
"CLM_HG01369",0.353469242039969
"CLM_HG01372",0.364499118651127
"CLM_HG01374",0.360140718317925
"CLM_HG01375",0.370173964136167
"CLM_HG01377",0.374264612913063
"CLM_HG01378",0.356593010196872
"CLM_HG01383",0.356213695492105
"CLM_HG01384",0.365324685949737
"CLM_HG01389",0.343287245357114
"CLM_HG01390",0.378563512900419
"PUR_HG01392",0.375157118100749
"PUR_HG01393",0.383449978803002
"PUR_HG01395",0.365235435430968
"PUR_HG01396",0.378600700616572
"PUR_HG01398",0.359731653440236
"PUR_HG01402",0.379753519817334
"PUR_HG01403",0.378504012554573
"PUR_HG01405",0.368835206354637
"PUR_HG01412",0.372650666031996
"PUR_HG01413",0.374331550802139
"PUR_HG01414",0.377306568094427
"CLM_HG01431",0.375647995953976
"CLM_HG01432",0.355797193071185
"CLM_HG01435",0.361167099283765
"CLM_HG01437",0.355395565736726
"CLM_HG01438",0.346708515243245
"CLM_HG01440",0.375179430730441
"CLM_HG01441",0.359642402921467
"CLM_HG01443",0.357247514001175
"CLM_HG01444",0.368478204279562
"CLM_HG01447",0.371103657040007
"CLM_HG01455",0.364335492700051
"CLM_HG01456",0.367407198054339
"CLM_HG01459",0.36772701241326
"CLM_HG01461",0.372992793020609
"CLM_HG01462",0.379686581928257
"CLM_HG01464",0.376213249239511
"CLM_HG01465",0.356964887358408
"CLM_HG01468",0.336645519252081
"CLM_HG01474",0.362282730768373
"CLM_HG01479",0.362966984745599
"CLM_HG01485",0.38632087049006
"CLM_HG01486",0.365205685258046
"CLM_HG01488",0.374643927617829
"CLM_HG01489",0.361784415371914
"CLM_HG01491",0.339040408172373
"CLM_HG01492",0.36308598543729
"CLM_HG01494",0.366336191829115
"CLM_HG01495",0.373029980736763
"CLM_HG01497",0.360586970911768
"CLM_HG01498",0.357797892200248
"CLM_HG01550",0.370999531434776
"CLM_HG01551",0.384290421188073
"CLM_HG01556",0.383442541259771
"PJL_HG01583",0.368753393379099
"PJL_HG01586",0.365287498233583
"PJL_HG01589",0.349899221289224
"PJL_HG01593",0.351401605021829
"GBR_HG01789",0.356659948085948
"GBR_HG01790",0.356890511926101
"GBR_HG01791",0.359597777662083
"CDX_HG01794",0.32847909678475
"CDX_HG01795",0.33312756130395
"CDX_HG01796",0.330502108543506
"CDX_HG01797",0.329170788305207
"CDX_HG01798",0.335418324619012
"CDX_HG01799",0.328211345228444
"CDX_HG01800",0.319732545945423
"CDX_HG01801",0.32714033900322
"CDX_HG01802",0.33343250057641
"CDX_HG01804",0.332383806980878
"CDX_HG01805",0.333618439157178
"CDX_HG01806",0.330903735877965
"CDX_HG01807",0.331833428781805
"CDX_HG01808",0.335143135519475
"CDX_HG01809",0.327177526719374
"CDX_HG01810",0.328590659933211
"CDX_HG01811",0.329602165812589
"CDX_HG01812",0.328843536403055
"CDX_HG01813",0.330085606122586
"CDX_HG01815",0.334235755245327
"CDX_HG01816",0.291328568347304
"CDX_HG01817",0.328241095401367
"ACB_HG01879",0.373989423813526
"ACB_HG01880",0.39903163187136
"ACB_HG01882",0.366641131101575
"ACB_HG01883",0.370746654964932
"ACB_HG01885",0.365183372628353
"ACB_HG01886",0.369876462406938
"ACB_HG01889",0.366365942002038
"ACB_HG01890",0.372516790253843
"ACB_HG01894",0.369869024863707
"ACB_HG01896",0.360981160702997
"ACB_HG01912",0.364149554119283
"ACB_HG01914",0.375343056681517
"ACB_HG01915",0.369445084899556
"ACB_HG01956",0.368909581786944
"ACB_HG01958",0.37433898834537
"ACB_HG01985",0.369675648739708
"ACB_HG01986",0.374249737826601
"ACB_HG01988",0.390002454389266
"ACB_HG01989",0.37485961637152
"ACB_HG01990",0.366775006879727
"ACB_HG02009",0.374145612221371
"ACB_HG02010",0.375566182978439
"ACB_HG02012",0.369199645972942
"ACB_HG02013",0.365235435430968
"ACB_HG02014",0.374048924159372
"ACB_HG02051",0.362059604471451
"ACB_HG02052",0.365064371936662
"ACB_HG02053",0.367042758436033
"ACB_HG02054",0.372992793020609
"ACB_HG02095",0.36607587781604
"ACB_HG02107",0.365480874357582
"ACB_HG02108",0.376518188511971
"ACB_HG02111",0.367288197362647
"ACB_HG02143",0.374636490074599
"ACB_HG02144",0.368470766736332
"CDX_HG02151",0.334682007839171
"CDX_HG02152",0.327274214781373
"CDX_HG02153",0.329773229306895
"CDX_HG02154",0.318103723977896
"CDX_HG02155",0.330673172037812
"CDX_HG02156",0.325407391430463
"CDX_HG02164",0.33343993811964
"CDX_HG02165",0.334637382579786
"CDX_HG02166",0.32744527827568
"CDX_HG02178",0.329341851799514
"CDX_HG02179",0.334748945728247
"CDX_HG02180",0.329542665466743
"CDX_HG02181",0.335306761470551
"CDX_HG02182",0.332882122377336
"CDX_HG02184",0.32899228726767
"CDX_HG02185",0.328471659241519
"CDX_HG02186",0.332792871858568
"CDX_HG02187",0.332145805597495
"CDX_HG02188",0.331900366670881
"CDX_HG02190",0.333261437082103
"GBR_HG02215",0.356087257257183
"CDX_HG02250",0.332718496426261
"ACB_HG02255",0.368723643206176
"ACB_HG02256",0.383026038838851
"ACB_HG02281",0.363383487166519
"ACB_HG02282",0.380132834522101
"ACB_HG02283",0.379775832447026
"ACB_HG02284",0.375573620521669
"ACB_HG02307",0.36690888265788
"ACB_HG02308",0.369519460331863
"ACB_HG02309",0.37123753281816
"ACB_HG02314",0.366224628680654
"ACB_HG02315",0.371468096658312
"ACB_HG02317",0.366752694250035
"ACB_HG02318",0.364543743910511
"ACB_HG02322",0.372472164994459
"ACB_HG02323",0.366752694250035
"ACB_HG02325",0.362215792879296
"ACB_HG02330",0.372293663956922
"ACB_HG02332",0.370538403754472
"ACB_HG02334",0.382572348701777
"ACB_HG02337",0.37279197935338
"ACB_HG02339",0.35419812127658
"ACB_HG02343",0.380430336251329
"CDX_HG02351",0.33312756130395
"CDX_HG02353",0.333670501959793
"CDX_HG02355",0.332926747636721
"CDX_HG02356",0.332026804905803
"CDX_HG02360",0.333373000230564
"CDX_HG02364",0.333715127219177
"CDX_HG02367",0.332339181721494
"CDX_HG02371",0.329959167887663
"CDX_HG02373",0.334332443307327
"CDX_HG02374",0.332063992621957
"CDX_HG02375",0.329356726885975
"CDX_HG02379",0.332190430856879
"CDX_HG02380",0.31029430358564
"CDX_HG02382",0.332212743486572
"CDX_HG02383",0.32981785456628
"CDX_HG02384",0.33239868206734
"CDX_HG02385",0.332777996772106
"CDX_HG02386",0.332227618573033
"CDX_HG02389",0.332703621339799
"CDX_HG02390",0.334146504726559
"CDX_HG02391",0.325853644024306
"CDX_HG02392",0.321167991788952
"CDX_HG02394",0.329527790380282
"CDX_HG02395",0.33364075178687
"CDX_HG02396",0.328560909760288
"CDX_HG02397",0.330829360445658
"CDX_HG02398",0.328516284500904
"CDX_HG02399",0.330167419098124
"CDX_HG02401",0.334087004380713
"CDX_HG02402",0.333581251441024
"CDX_HG02406",0.333276312168564
"CDX_HG02407",0.334540694517787
"CDX_HG02408",0.330003793147048
"CDX_HG02409",0.331521051966115
"CDX_HG02410",0.333075498501335
"ACB_HG02419",0.365964314667579
"ACB_HG02420",0.396019426862919
"ACB_HG02427",0.369653336110016
"ACB_HG02429",0.369779774344938
"ACB_HG02433",0.373639859281682
"ACB_HG02439",0.366246941310346
"ACB_HG02442",0.362617420213755
"ACB_HG02445",0.37423486274014
"ACB_HG02449",0.364595806713127
"ACB_HG02450",0.370292964827858
"ACB_HG02455",0.373059730909686
"ACB_HG02470",0.368240202896179
"ACB_HG02471",0.368946769503098
"ACB_HG02476",0.374495176753215
"ACB_HG02477",0.374004298899987
"ACB_HG02481",0.371356533509851
"ACB_HG02484",0.372397789562152
"ACB_HG02485",0.381389779328092
"ACB_HG02489",0.371951536968309
"PJL_HG02490",0.352606487025206
"PJL_HG02491",0.371795348560464
"PJL_HG02493",0.369102957910943
"PJL_HG02494",0.369869024863707
"ACB_HG02496",0.369735149085554
"ACB_HG02497",0.366232066223885
"ACB_HG02501",0.379069265840108
"ACB_HG02502",0.371297033164005
"ACB_HG02505",0.368493079366024
"ACB_HG02508",0.369333521751095
"ACB_HG02511",0.364915621072048
"ACB_HG02536",0.376897503216737
"ACB_HG02537",0.366031252556655
"ACB_HG02541",0.378318073973805
"ACB_HG02545",0.367555948918953
"ACB_HG02546",0.36763032435126
"ACB_HG02549",0.365726313284196
"ACB_HG02554",0.370441715692472
"ACB_HG02555",0.371460659115081
"ACB_HG02557",0.369370709467249
"ACB_HG02558",0.371587097350003
"ACB_HG02577",0.376458688166125
"ACB_HG02580",0.37610168609105
"PJL_HG02597",0.362766171078369
"PJL_HG02600",0.368411266390486
"PJL_HG02601",0.367920388537258
"PJL_HG02603",0.365465999271121
"PJL_HG02604",0.328955099551516
"PJL_HG02648",0.350613225439373
"PJL_HG02649",0.343926874074956
"PJL_HG02651",0.369839274690784
"PJL_HG02652",0.371512721917696
"PJL_HG02654",0.367816262932028
"PJL_HG02655",0.341271671141589
"PJL_HG02657",0.37144578402862
"PJL_HG02658",0.310718243549791
"PJL_HG02660",0.35967215309439
"PJL_HG02661",0.367027883349572
"PJL_HG02681",0.367816262932028
"PJL_HG02682",0.365094122109585
"PJL_HG02684",0.314511390597458
"PJL_HG02685",0.342677366812195
"PJL_HG02687",0.363093422980521
"PJL_HG02688",0.365391623838814
"PJL_HG02690",0.336266204547314
"PJL_HG02691",0.363227298758674
"PJL_HG02694",0.334972072025169
"PJL_HG02696",0.372524227797074
"PJL_HG02697",0.366291566569731
"PJL_HG02699",0.341584047957279
"PJL_HG02700",0.370649966902933
"PJL_HG02724",0.362728983362216
"PJL_HG02725",0.36060184599823
"PJL_HG02727",0.363695863982209
"PJL_HG02728",0.363971053081746
"PJL_HG02731",0.369340959294326
"PJL_HG02733",0.36762288680803
"PJL_HG02734",0.320691989022186
"PJL_HG02736",0.371207782645237
"PJL_HG02737",0.369504585245402
"PJL_HG02774",0.369013707392174
"PJL_HG02775",0.365837876432657
"PJL_HG02778",0.360542345652384
"PJL_HG02780",0.337225647624077
"PJL_HG02783",0.361643102050531
"PJL_HG02784",0.364923058615278
"PJL_HG02786",0.36318267349929
"PJL_HG02787",0.361895978520375
"PJL_HG02789",0.364409868132359
"PJL_HG02790",0.367154321584494
"PJL_HG02792",0.365451124184659
"PJL_HG02793",0.364394993045897
"ESN_HG02922",0.360921660357151
"ESN_HG02923",0.353000676816434
"ESN_HG02938",0.356950012271946
"ESN_HG02941",0.359850654131927
"ESN_HG02943",0.3592630882167
"ESN_HG02944",0.35729957680379
"ESN_HG02946",0.361077848764996
"ESN_HG02947",0.360891910184228
"ESN_HG02952",0.360512595479461
"ESN_HG02953",0.356131882516567
"ESN_HG02968",0.358363145485783
"ESN_HG02970",0.360631596171153
"ESN_HG02971",0.357069012963638
"ESN_HG02973",0.357448327668405
"ESN_HG02974",0.358519333893628
"ESN_HG02976",0.35874246019055
"ESN_HG02977",0.358318520226399
"ESN_HG02979",0.35667482317241
"ESN_HG02981",0.361516663815608
"BEB_HG03006",0.369764899258477
"BEB_HG03007",0.363309111734212
"BEB_HG03009",0.370151651506474
"BEB_HG03012",0.369459959986017
"PJL_HG03015",0.361315850148379
"PJL_HG03016",0.368381516217563
"PJL_HG03018",0.36411980394636
"PJL_HG03019",0.353551055015507
"PJL_HG03021",0.364060303600515
"PJL_HG03022",0.329728604047511
"MSL_HG03052",0.360118405688233
"MSL_HG03054",0.360490282849769
"MSL_HG03055",0.358868898425472
"MSL_HG03057",0.357478077841327
"MSL_HG03058",0.358906086141626
"MSL_HG03060",0.360862160011305
"MSL_HG03061",0.357321889433482
"MSL_HG03063",0.35956802748916
"MSL_HG03064",0.356764073691178
"MSL_HG03066",0.359129212438547
"MSL_HG03069",0.362900046856522
"MSL_HG03072",0.358980461573933
"MSL_HG03073",0.359225900500547
"MSL_HG03074",0.357931767978401
"MSL_HG03077",0.358727585104088
"MSL_HG03078",0.360594408454999
"MSL_HG03079",0.358184644448246
"MSL_HG03081",0.361308412605148
"MSL_HG03082",0.358883773511934
"MSL_HG03084",0.358653209671781
"MSL_HG03085",0.357745829397633
"MSL_HG03086",0.361129911567611
"MSL_HG03088",0.359642402921467
"MSL_HG03091",0.357634266249173
"MSL_HG03095",0.361040661048842
"MSL_HG03096",0.358340832856091
"MSL_HG03097",0.357135950852714
"ESN_HG03099",0.355789755527954
"ESN_HG03100",0.35967215309439
"ESN_HG03103",0.352621362111667
"ESN_HG03105",0.354287371795349
"ESN_HG03108",0.360624158627922
"ESN_HG03109",0.359181275241162
"ESN_HG03111",0.357820204829941
"ESN_HG03112",0.358593709325935
"ESN_HG03114",0.357887142719017
"ESN_HG03115",0.356622760369795
"ESN_HG03117",0.360981160702997
"ESN_HG03118",0.359709340810543
"ESN_HG03120",0.359196150327624
"ESN_HG03121",0.358883773511934
"ESN_HG03123",0.361524101358839
"ESN_HG03124",0.359166400154701
"ESN_HG03126",0.357173138568868
"ESN_HG03127",0.360215093750232
"ESN_HG03129",0.349475281325073
"ESN_HG03130",0.354138620930734
"ESN_HG03132",0.357760704484095
"ESN_HG03133",0.35977627869962
"ESN_HG03135",0.35854164652332
"ESN_HG03136",0.359449026797468
"ESN_HG03139",0.357039262790715
"ESN_HG03157",0.360758034406075
"ESN_HG03159",0.358943273857779
"ESN_HG03160",0.362163730076681
"ESN_HG03162",0.35750782801425
"ESN_HG03163",0.352063546369363
"ESN_HG03166",0.35874246019055
"ESN_HG03168",0.356905387012562
"ESN_HG03169",0.354317121968271
"ESN_HG03172",0.357983830781016
"ESN_HG03175",0.35977627869962
"ESN_HG03189",0.357515265557481
"ESN_HG03190",0.35099997768737
"ESN_HG03193",0.36112247402438
"ESN_HG03195",0.35770864168148
"ESN_HG03196",0.362305043398065
"ESN_HG03198",0.358006143410709
"ESN_HG03199",0.357470640298097
"ESN_HG03202",0.355455066082572
"MSL_HG03209",0.358720147560858
"MSL_HG03212",0.354034495325504
"MSL_HG03224",0.359872966761619
"MSL_HG03225",0.359315151019315
"PJL_HG03228",0.351111540835831
"PJL_HG03229",0.350553725093527
"PJL_HG03234",0.366782444422958
"PJL_HG03235",0.370635091816471
"PJL_HG03237",0.359858091675158
"PJL_HG03238",0.37144578402862
"ESN_HG03265",0.358861460882241
"ESN_HG03267",0.358363145485783
"ESN_HG03268",0.358623459498858
"ESN_HG03270",0.359999404996542
"ESN_HG03271",0.35750782801425
"ESN_HG03279",0.357760704484095
"ESN_HG03280",0.357307014347021
"ESN_HG03291",0.358861460882241
"ESN_HG03294",0.358839148252549
"ESN_HG03295",0.358006143410709
"ESN_HG03297",0.359731653440236
"ESN_HG03298",0.357448327668405
"ESN_HG03300",0.354592311067808
"ESN_HG03301",0.359806028872543
"ESN_HG03303",0.358623459498858
"ESN_HG03304",0.357976393237786
"ESN_HG03311",0.353960119893197
"ESN_HG03313",0.355633567120109
"ESN_HG03342",0.360282031639309
"ESN_HG03343",0.356935137185485
"ESN_HG03351",0.358891211055164
"ESN_HG03352",0.356875636839639
"ESN_HG03354",0.356897949469331
"ESN_HG03363",0.355685629922724
"ESN_HG03366",0.359917592021004
"ESN_HG03367",0.357983830781016
"ESN_HG03369",0.358407770745167
"ESN_HG03370",0.357805329743479
"ESN_HG03372",0.358608584412397
"MSL_HG03376",0.355633567120109
"MSL_HG03378",0.359932467107465
"MSL_HG03380",0.358117706559169
"MSL_HG03382",0.357998705867478
"MSL_HG03385",0.357180576112099
"MSL_HG03388",0.359627527835006
"MSL_HG03391",0.357671453965326
"MSL_HG03394",0.359724215897005
"MSL_HG03397",0.360698534060229
"MSL_HG03401",0.359515964686545
"MSL_HG03410",0.360624158627922
"MSL_HG03419",0.359426714167776
"MSL_HG03428",0.358608584412397
"MSL_HG03432",0.357745829397633
"MSL_HG03433",0.360148155861156
"MSL_HG03436",0.360267156552847
"MSL_HG03437",0.359642402921467
"MSL_HG03439",0.354874937710575
"MSL_HG03442",0.358154894275323
"MSL_HG03445",0.364692494775126
"MSL_HG03446",0.360817534751921
"MSL_HG03449",0.362067042014682
"MSL_HG03451",0.357210326285022
"MSL_HG03452",0.360363844614847
"MSL_HG03455",0.358623459498858
"MSL_HG03457",0.359352338735469
"MSL_HG03458",0.362580232497601
"MSL_HG03460",0.3569871999881
"MSL_HG03461",0.361419975753609
"MSL_HG03464",0.3593597762787
"MSL_HG03469",0.357002075074561
"MSL_HG03470",0.359292838389623
"MSL_HG03472",0.360728284233152
"MSL_HG03473",0.360505157936231
"MSL_HG03476",0.360906785270689
"MSL_HG03478",0.356630197913025
"MSL_HG03479",0.361100161394688
"MSL_HG03484",0.357998705867478
"MSL_HG03485",0.358474708634244
"PJL_HG03488",0.372405227105383
"PJL_HG03490",0.350709913501372
"PJL_HG03491",0.366209753594193
"ESN_HG03499",0.358340832856091
"ESN_HG03511",0.357783017113787
"ESN_HG03514",0.360140718317925
"ESN_HG03515",0.356697135802102
"ESN_HG03517",0.356927699642254
"ESN_HG03518",0.359768841156389
"ESN_HG03520",0.361003473332689
"ESN_HG03521",0.355886443589953
"MSL_HG03547",0.359240775587008
"MSL_HG03548",0.359820903959004
"MSL_HG03556",0.359039961919779
"MSL_HG03557",0.358973024030702
"MSL_HG03558",0.359508527143314
"MSL_HG03559",0.358199519534707
"MSL_HG03563",0.357961518151324
"MSL_HG03565",0.361367912950994
"MSL_HG03567",0.360802659665459
"MSL_HG03571",0.356808698950563
"MSL_HG03572",0.359248213130239
"MSL_HG03575",0.35771607922471
"MSL_HG03577",0.36184391571776
"MSL_HG03578",0.357857392546094
"MSL_HG03583",0.357083888050099
"BEB_HG03585",0.367384885424647
"BEB_HG03589",0.367890638364335
"BEB_HG03593",0.367221259473571
"BEB_HG03594",0.367957576253412
"BEB_HG03595",0.370739217421701
"BEB_HG03598",0.36803938922895
"BEB_HG03600",0.364365242872974
"BEB_HG03603",0.36421649200836
"BEB_HG03604",0.369735149085554
"BEB_HG03607",0.367593136635107
"BEB_HG03611",0.370657404446163
"BEB_HG03615",0.356622760369795
"BEB_HG03616",0.369117832997404
"PJL_HG03619",0.3557525678118
"PJL_HG03624",0.366559318126037
"PJL_HG03625",0.331647490201037
"PJL_HG03629",0.369422772269864
"PJL_HG03631",0.368121202204488
"PJL_HG03634",0.367124571411571
"PJL_HG03636",0.369363271924018
"PJL_HG03640",0.362937234572676
"STU_HG03642",0.367020445806341
"STU_HG03643",0.364142116576053
"STU_HG03644",0.367779075215875
"STU_HG03645",0.366232066223885
"STU_HG03646",0.369207083516173
"PJL_HG03649",0.371921786795386
"PJL_HG03652",0.370731779878471
"PJL_HG03653",0.371720973128156
"PJL_HG03660",0.364997434047585
"PJL_HG03663",0.365726313284196
"PJL_HG03667",0.36111503648115
"PJL_HG03668",0.371668910325541
"STU_HG03672",0.354220433906272
"STU_HG03673",0.367459260856954
"STU_HG03679",0.363688426438979
"STU_HG03680",0.366834507225573
"STU_HG03681",0.36411980394636
"STU_HG03684",0.358013580953939
"STU_HG03685",0.365168497541892
"STU_HG03686",0.359991967453311
"STU_HG03687",0.354436122659963
"STU_HG03689",0.35378905639889
"STU_HG03690",0.332473057499647
"STU_HG03691",0.36783113801849
"STU_HG03692",0.355261689958573
"STU_HG03693",0.361553851531762
"STU_HG03694",0.374785240939213
"STU_HG03695",0.357582203446558
"STU_HG03696",0.314080013090076
"STU_HG03697",0.362676920559601
"STU_HG03698",0.36287773422683
"PJL_HG03702",0.371423471398928
"PJL_HG03703",0.368106327118026
"PJL_HG03705",0.364484243564666
"PJL_HG03706",0.363963615538515
"PJL_HG03708",0.36773444995649
"PJL_HG03709",0.369162458256789
"STU_HG03711",0.352308985295977
"ITU_HG03713",0.367139446498033
"ITU_HG03714",0.370530966211241
"ITU_HG03716",0.366841944768804
"ITU_HG03717",0.353424616780585
"ITU_HG03718",0.356927699642254
"ITU_HG03720",0.362922359486215
"ITU_HG03722",0.346530014205708
"ITU_HG03727",0.363814864673901
"ITU_HG03729",0.366879132484958
"ITU_HG03730",0.364194179378668
"ITU_HG03731",0.36401567834113
"STU_HG03733",0.348225774062312
"STU_HG03736",0.369526897875094
"STU_HG03738",0.349029028731229
"STU_HG03740",0.335619138286241
"STU_HG03741",0.350702475958142
"ITU_HG03742",0.366113065532193
"STU_HG03743",0.350851226822756
"STU_HG03744",0.367645199437722
"STU_HG03745",0.354547685808424
"STU_HG03746",0.367608011721568
"STU_HG03750",0.361085286308227
"STU_HG03752",0.34407562493957
"STU_HG03753",0.367786512759105
"STU_HG03755",0.36525031051743
"STU_HG03756",0.345697009363867
"STU_HG03757",0.366931195287573
"STU_HG03760",0.365302373320045
"PJL_HG03762",0.368158389920641
"PJL_HG03765",0.366782444422958
"PJL_HG03767",0.364461930934974
"ITU_HG03770",0.354212996363041
"ITU_HG03771",0.368292265698794
"ITU_HG03772",0.355150126810112
"ITU_HG03773",0.349765345511071
"ITU_HG03774",0.358073081299785
"ITU_HG03775",0.360720846689921
"ITU_HG03777",0.362855421597138
"ITU_HG03778",0.368589767428023
"ITU_HG03779",0.368344328501409
"ITU_HG03780",0.367585699091876
"ITU_HG03781",0.36793526362372
"ITU_HG03782",0.367972451339873
"ITU_HG03784",0.352807300692435
"ITU_HG03785",0.355469941169033
"ITU_HG03786",0.3534766795832
"ITU_HG03787",0.367853450648182
"ITU_HG03788",0.360884472640997
"ITU_HG03789",0.368470766736332
"ITU_HG03790",0.363799989587439
"ITU_HG03792",0.358080518843016
"BEB_HG03793",0.367198946843879
"BEB_HG03796",0.371311908250467
"BEB_HG03800",0.367236134560032
"BEB_HG03802",0.366313879199423
"BEB_HG03803",0.368604642514485
"BEB_HG03805",0.368203015180026
"BEB_HG03808",0.367898075907566
"BEB_HG03809",0.368336890958179
"BEB_HG03812",0.36907320773802
"BEB_HG03814",0.364536306367281
"BEB_HG03815",0.365540374703428
"BEB_HG03817",0.358452396004552
"BEB_HG03821",0.366618818471882
"BEB_HG03823",0.368396391304024
"BEB_HG03824",0.36597175221081
"BEB_HG03826",0.367682387153875
"BEB_HG03829",0.36215629253345
"BEB_HG03830",0.366328754285884
"BEB_HG03832",0.371215220188467
"BEB_HG03833",0.368046826772181
"STU_HG03836",0.348084460740928
"STU_HG03837",0.316519527269752
"STU_HG03838",0.351877607788595
"STU_HG03844",0.356488884591642
"STU_HG03846",0.368046826772181
"STU_HG03848",0.367816262932028
"STU_HG03849",0.365131309825738
"STU_HG03850",0.362862859140369
"STU_HG03851",0.366499817780191
"STU_HG03854",0.34293768082527
"STU_HG03856",0.360542345652384
"STU_HG03857",0.366581630755729
"STU_HG03858",0.339880850557444
"ITU_HG03861",0.355469941169033
"ITU_HG03862",0.329178225848438
"ITU_HG03863",0.360490282849769
"ITU_HG03864",0.362937234572676
"ITU_HG03866",0.365265185603891
"ITU_HG03867",0.344670628398028
"ITU_HG03868",0.362714108275754
"ITU_HG03869",0.367801387845567
"ITU_HG03870",0.368284828155564
"ITU_HG03871",0.365399061382044
"ITU_HG03872",0.36545856172789
"ITU_HG03873",0.362937234572676
"ITU_HG03874",0.366656006188036
"ITU_HG03875",0.348337337210773
"ITU_HG03882",0.366968383003726
"STU_HG03884",0.352628799654898
"STU_HG03885",0.364521431280819
"STU_HG03886",0.367920388537258
"STU_HG03887",0.364417305675589
"STU_HG03888",0.365309810863276
"STU_HG03890",0.370754092508163
"STU_HG03894",0.35626575829472
"STU_HG03895",0.34335418324619
"STU_HG03896",0.333179624106565
"STU_HG03897",0.364952808788201
"STU_HG03898",0.347816709184622
"STU_HG03900",0.355663317293032
"BEB_HG03902",0.366194878507731
"BEB_HG03905",0.372338289216306
"BEB_HG03907",0.362691795646062
"BEB_HG03908",0.369921087666322
"BEB_HG03910",0.357968955694555
"BEB_HG03911",0.367578261548645
"BEB_HG03913",0.367451823313723
"BEB_HG03914",0.369333521751095
"BEB_HG03916",0.365793251173272
"BEB_HG03917",0.370307839914319
"BEB_HG03919",0.368269953069102
"BEB_HG03920",0.36721382193034
"BEB_HG03922",0.372025912400616
"BEB_HG03925",0.367563386462184
"BEB_HG03926",0.367883200821105
"BEB_HG03928",0.36938558455371
"BEB_HG03931",0.370077276074167
"BEB_HG03934",0.371728410671387
"BEB_HG03937",0.363175235956059
"BEB_HG03940",0.364186741835437
"BEB_HG03941",0.362119104817297
"STU_HG03943",0.364104928859899
"STU_HG03944",0.351580106059366
"STU_HG03945",0.358184644448246
"STU_HG03947",0.36566681293835
"STU_HG03949",0.356964887358408
"STU_HG03950",0.367451823313723
"STU_HG03951",0.369393022096941
"STU_HG03953",0.363487612771749
"STU_HG03955",0.345741634623251
"ITU_HG03960",0.36565937539512
"ITU_HG03963",0.368738518292638
"ITU_HG03965",0.366633693558344
"ITU_HG03967",0.35564844220657
"ITU_HG03968",0.364454493391743
"ITU_HG03969",0.366165128334808
"ITU_HG03971",0.36752619874603
"ITU_HG03973",0.365012309134047
"ITU_HG03974",0.365116434739277
"ITU_HG03976",0.367057633522495
"ITU_HG03977",0.361412538210378
"ITU_HG03978",0.365086684566354
"STU_HG03985",0.348017522851852
"STU_HG03986",0.365718875740965
"STU_HG03989",0.358943273857779
"STU_HG03990",0.363725614155132
"STU_HG03991",0.358675522301473
"STU_HG03995",0.362736420905446
"STU_HG03999",0.366886570028188
"ITU_HG04001",0.363896677649439
"ITU_HG04002",0.368857518984329
"STU_HG04003",0.366618818471882
"STU_HG04006",0.367660074524183
"ITU_HG04014",0.364759432664202
"ITU_HG04015",0.364588369169896
"ITU_HG04017",0.356652510542718
"ITU_HG04018",0.362699233189293
"ITU_HG04019",0.36700557071988
"ITU_HG04020",0.361167099283765
"ITU_HG04022",0.365815563802965
"ITU_HG04023",0.346582077008323
"ITU_HG04025",0.347995210222159
"ITU_HG04026",0.349824845856917
"STU_HG04029",0.356630197913025
"STU_HG04033",0.365332123492968
"STU_HG04035",0.360520033022692
"STU_HG04038",0.362684358102831
"STU_HG04039",0.367793950302336
"STU_HG04042",0.364670182145434
"STU_HG04047",0.365012309134047
"ITU_HG04054",0.354227871449503
"ITU_HG04056",0.326225521185842
"ITU_HG04059",0.366187440964501
"ITU_HG04060",0.365451124184659
"ITU_HG04061",0.363985928168207
"ITU_HG04062",0.363353736993596
"ITU_HG04063",0.354830312451191
"ITU_HG04070",0.300841186139394
"STU_HG04075",0.356600447740102
"ITU_HG04076",0.366656006188036
"ITU_HG04080",0.368723643206176
"ITU_HG04090",0.359456464340699
"ITU_HG04093",0.361814165544837
"ITU_HG04094",0.362067042014682
"ITU_HG04096",0.339479223222985
"ITU_HG04098",0.367593136635107
"STU_HG04099",0.366165128334808
"STU_HG04100",0.368641830230638
"STU_HG04106",0.353863431831198
"STU_HG04107",0.355492253798725
"ITU_HG04118",0.368745955835868
"BEB_HG04131",0.369147583170327
"BEB_HG04134",0.366551880582806
"BEB_HG04140",0.365287498233583
"BEB_HG04141",0.367027883349572
"BEB_HG04144",0.367310509992339
"BEB_HG04146",0.366217191137423
"BEB_HG04152",0.351275166786907
"BEB_HG04153",0.371155719842622
"BEB_HG04155",0.36948971015894
"BEB_HG04156",0.36721382193034
"BEB_HG04158",0.365674250481581
"BEB_HG04159",0.368872394070791
"BEB_HG04161",0.36876083092233
"BEB_HG04162",0.367674949610645
"BEB_HG04164",0.371178032472314
"BEB_HG04171",0.371073906867084
"BEB_HG04173",0.369378147010479
"BEB_HG04176",0.367593136635107
"BEB_HG04177",0.366187440964501
"BEB_HG04180",0.366522130409883
"BEB_HG04182",0.367689824697106
"BEB_HG04183",0.365793251173272
"BEB_HG04185",0.363792552044209
"BEB_HG04186",0.364253679724513
"BEB_HG04188",0.369266583862019
"BEB_HG04189",0.369504585245402
"BEB_HG04194",0.370635091816471
"BEB_HG04195",0.367927826080489
"ITU_HG04198",0.369303771578172
"ITU_HG04200",0.364142116576053
"ITU_HG04202",0.361509226272378
"ITU_HG04206",0.365592437506043
"ITU_HG04209",0.346589514551553
"STU_HG04210",0.364409868132359
"ITU_HG04211",0.309557986805798
"ITU_HG04212",0.355760005355031
"ITU_HG04214",0.367518761202799
"ITU_HG04216",0.368798018638483
"ITU_HG04219",0.368775706008791
"ITU_HG04222",0.367541073832492
"ITU_HG04225",0.363628926093133
"STU_HG04227",0.367444385770492
"STU_HG04229",0.369668211196478
"ITU_HG04235",0.369452522442787
"ITU_HG04238",0.36577093854358
"ITU_HG04239",0.366306441656192
